artist_id,album_id,album_name,album_year,album_description
1,1,Goblin,2011,"GOBLIN is Tyler, The Creator's debut studio album, released in 2011. The album features a mix of rap and horrorcore themes, and it tells the story of a character named Tyler who struggles with his personal life and relationships. The album features collaborations with artists such as Frank Ocean and Hodgy Beats. The album is known for its controversial and provocative lyrics."
1,2,Wolf,2013,"WOLF is Tyler, The Creator's second studio album, released in 2013. The album features a mix of rap, R&B, and soul, and it tells a story of a character named Sam who has conflicts with his friends and family. The album features collaborations with artists such as Frank Ocean, Earl Sweatshirt, and Pharrell Williams."
1,3,Cherry Bomb,2015,"CHERRY BOMB is Tyler, The Creator's third studio album, released in 2015. The album features a mix of rap and experimental music, and it's known for its unique production and eclectic sound. The album features collaborations with artists such as Kanye West, Lil Wayne, and Schoolboy Q."
1,4,Flower Boy,2017,"FLOWER BOY is Tyler, The Creator's fourth studio album, released in 2017. The album features a mix of rap, R&B, and soul, and it's known for its introspective and personal lyrics. The album features collaborations with artists such as Frank Ocean, Kali Uchis, and A$AP Rocky. "
1,5,Igor,2019,"IGOR is Tyler, The Creator's fifth studio album, released in 2019. The album explores themes of heartbreak, self-discovery, and self-acceptance. The album features a unique sound with a mix of hip-hop, R&B, and funk, and it's known for its captivating production and storytelling."
1,6,Call me if you get Lost,2022,"CALL ME IF YOU GET LOST is Tyler, The Creator's sixth studio album, released in 2021. The album features a mix of rap and R&B, and it's a love letter to Tyler's fans. The album features guest appearances from various artists, including Lil Wayne, Pharrell Williams, and Ty Dolla $ign."
2,1,Whenever You Need Somebody,1987,"This was Rick Astley's debut album and it features the hit song 'Never Gonna Give You Up,' which became a viral sensation in recent years as part of the 'rickrolling' internet meme."
2,2,Hold Me in Your Arms,1988,"This album includes the hit single 'She Wants to Dance with Me,' which reached the top 10 in both the UK and the US."
2,3,Free,1991,"This album features the hit song 'Cry for Help,' which was a top 10 hit in both the UK and the US."
2,4,Body And Soul,1993,"This album features a more soulful and R&B-influenced sound compared to Astley's previous albums, and includes covers of songs by artists such as Bob Dylan and Perry Como."
2,5,Keep It Turned On,2001,"This album was Astley's first in over a decade and marks a departure from his previous sound, with a more adult contemporary and acoustic feel."
2,6,Portrait,2005,"This album features a mix of new songs and covers of classic songs such as Don McLean's 'Vincent' and Van Morrison's 'Goodbye Baby (Baby Goodbye).'"
2,7,50s,2016,"This album was released to celebrate Astley's 50th birthday and features a mix of new songs and covers."
2,8,Beautiful Life,2018,"This album marks Astley's return to his signature sound of upbeat, catchy pop music, and includes the singles 'Beautiful Life' and 'Try.'"
3,1,A Boy in Da Corner,2003,"'Boy in da Corner' is Dizzee Rascal's debut album and widely considered a landmark in British Grime. It features raw and minimalist beats paired with Dizzee's aggressive and introspective lyrics, tackling issues such as growing up in a poor neighborhood, violence, racism, and police brutality."
3,2,showtime,2004,"'Showtime' is Dizzee Rascal's second studio album, and it showcases his progression as an artist. The album features more polished and diverse production than his debut, with tracks ranging from grime bangers like 'Stand Up Tall' to more introspective songs like 'Dream.' Dizzee's lyrics also show growth, touching on themes such as fame, success, and the music industry."
3,3,Math + English,2007,"'Maths + English' marks a departure from Dizzee's earlier grime sound and sees him experimenting with different genres, including hip hop, dancehall, and electro. The album features collaborations with artists such as Lily Allen, UGK, and Alex Turner from the Arctic Monkeys. 'Maths + English' received critical acclaim and showcased Dizzee's versatility."
3,4,Tongue n Cheek,2009,"'Tongue n' Cheek' is Dizzee's fourth studio album and his most commercially successful to date. The album features a more upbeat and party-friendly sound than his earlier work, with catchy hooks and collaborations with pop producers and artists such as Calvin Harris and Armand Van Helden. Despite its more accessible sound, the album retains Dizzee's unique style and lyrical wit, exploring topics such as hedonism, love, and the club scene."
3,5,The fifth,2013,"'The Fifth' is Dizzee's fifth studio album, and it sees him blending his signature grime style with pop, hip hop, and EDM influences. The album features collaborations with high-profile artists such as will.i.am, Jessie J, and Robbie Williams. Despite its diverse sound, the album retains Dizzee's unique lyrical style, with tracks exploring themes such as his journey in the music industry, relationships, and the power of music."
3,6,Raskit,2017,"'Raskit' is Dizzee's sixth studio album, and it marks a return to his roots with a stripped-back sound and focus on his lyrics. The album features sparse production and gritty beats, with Dizzee's flow taking center stage. The album explores topics such as politics, social issues, and his own legacy in the music industry, with Dizzee delivering some of his most introspective and thought-provoking lyrics to date."
3,7,E3 AF,2020,"E3 AF is the seventh studio album by British rapper Dizzee Rascal, released in 2020. The title stands for 'E3 African Freestyle' and pays homage to the East London area where Dizzee grew up. The album blends elements of grime, dancehall, and Afrobeats, with features from artists such as Kano, Ghetts, and Afronaut Zu."
4,1,Symphony No. 9,1984,"This symphony was composed by Ludwig van Beethoven in 1824 and is one of his most famous works. It is scored for a large orchestra, four soloists, and a choir. The final movement of the symphony is a setting of Friedrich Schiller's poem 'Ode to Joy,' which celebrates the brotherhood of all mankind. The four movements of the symphony are:"
4,2,Piano Sonatas,1798,"Beethoven wrote a total of 32 piano sonatas, which are some of the most important and influential works in the piano repertoire. Here is a list of the sonatas, along with their opus numbers:"
4,3,Piano Concertos,1795,"Beethoven composed five piano concertos, which are some of the most famous works in the piano concerto repertoire. Here is a list of the concertos, along with their opus numbers:"
4,4,String Quartets,1805,"Beethoven composed 16 string quartets, which are considered some of the greatest works in the chamber music repertoire. Here are the quartets, along with their opus numbers and movements:"
4,5,Fidelio,1800,"'Fidelio' is an opera in two acts composed by Ludwig van Beethoven. The opera tells the story of Leonore, who disguises herself as a man named Fidelio in order to rescue her husband, Florestan, from a political prison. Here is a list of the opera's two acts and their respective scenes:"
5,1,/G/othic,2002,"'Gothic' is a haunting and atmospheric album that explores the dark side of the human experience. Drawing inspiration from gothic literature and music, the album offers a range of haunting melodies and evocative lyrics that transport listeners to a world of mystery and intrigue. Through its evocative sound and themes, 'Gothic' is a bold and daring artistic statement that invites listeners to embrace the darker aspects of the human experience."
5,2,Trumpoline,2020,"'Trumpoline' is a groundbreaking album that fuses fine art and politics with a range of musical genres. With lyrics that examine the impact of Donald Trump on American society, the album challenges listeners to consider the role of art in confronting political landscape."
5,3,AIM Mona Lisa,2022,"'AIM Mona Lisa' is a captivating album that explores the enigmatic smile and mystique of the iconic painting. The tracks on the album feature introspective lyrics that reflect on the beauty, complexity, and ambiguity of the Mona Lisa, and the impact it has had on art and culture. This album is a celebration of Leonardo da Vinci's masterpiece, and it offers a fresh and dynamic perspective on this iconic work of art."
5,4,Netscape Nightwatch,2023,"'Netscape Nightwatch' is a nostalgic and evocative album that pays tribute to the early days of the internet and the pioneering spirit of the Netscape browser. With its retro soundscapes and playful lyrics, the album transports listeners back to a time when the internet was new and full of possibilities. The tracks on the album draw inspiration from the sights and sounds of the early internet, and offer a playful and irreverent take on this groundbreaking technology."
5,5,Synthetica,2069,"'Synthetica' is an album that showcases the incredible abilities of AI music creation. From the opening track, 'Neural Nightmare' to the closing ballad, 'Robotic Romance' this album takes the listener on a journey through futuristic soundscapes and hip-hop beats inspired by the one and only rapper and buisnessman Jay-Z. The production is seamless and precise, with each track seamlessly blending into the next."
6,1,Jesus is King,2019,"Sure, 'Jesus Is King' is the ninth studio album by American rapper and producer Kanye West, released on October 25, 2019. The album's sound has been described as a fusion of hip-hop, gospel, and contemporary Christian music, with a focus on spiritual upliftment. The album received mixed reviews from critics but was a commercial success, debuting at number one on the US Billboard 200 chart."
7,1,Sneed's Feed n Seed,2022,"'Sneed's Feed and Seed' is a lively country song that tells the story of a small-town feed and seed store. The song's catchy melody and upbeat tempo capture the essence of rural life. Through the song's verses, listeners are transported to the heart of the countryside, where Sneed's shop is a hub of community activity and a place where locals gather to catch up on news and share stories. With its catchy tune and nostalgic lyrics, 'Sneed's Feed and Seed' celebrates the values and traditions of rural life."
8,1,Godfather,2017,"'Godfather' is the eleventh studio album by the British rapper and producer, Wiley. The album was released on January 13, 2017, and it features collaborations with other UK grime and hip-hop artists such as Skepta, JME, Ghetts, Devlin, and Chip, among others. It features hard-hitting beats, fast-paced flows, and catchy hooks. The lyrics touch on various themes, including Wiley's personal life, his struggles in the music industry, and his role as a pioneer of grime music."
9,1,A Quick Little Mixtape,2022,"Pete and Bas' 'A Quick Little Mixtape' is an 8-track project that showcases the duo's gritty and humorous style of rap. The mixtape features hard-hitting trap beats and reflective lyrics that touch on both past experiences and contemporary issues. Standout tracks include 'Paid in Full,' 'Dents in a Peugeot,' and 'The Old Estate.' Overall, the mixtape offers a unique and entertaining listening experience."
9,2,The Old Estate,2022,"The Old Estate is a song by British rap duo Pete and Bas, released in 2019. The track tells the story of the duo's experiences growing up in their council estate in London, and highlights the struggles and hardships faced by working-class families in the UK. The song features Pete and Bas' signature witty and comedic lyrics, delivered over a stripped-back, bass-heavy beat."