artist_id,album_id,song_name,time
1,1,GOBLIN,04:39
1,1,YONKERS,06:27
1,1,RADICAL,03:14
1,1,SHE,05:19
1,1,TRANSGRESSOR,07:57
1,1,NIGHTMARE,07:31
1,1,TRON CAT,06:50
1,1,HER,06:17
1,1,SANDWITCHES,07:28
1,1,FISH / BOPPIN' B*TCH,05:09
1,1,AU79,06:56
1,1,GOLD,03:22
1,2,WOLF,06:48
1,2,JAMBA,06:36
1,2,COWBOY,03:19
1,2,AWKWARD,06:43
1,2,Domo23,04:55
1,2,ANSWER,07:10
1,2,SLATER,05:49
1,2,48,07:33
1,2,COLOSSUS,06:02
1,2,PARTYISNTOVER / CAMPFIRE / Bimmer,03:10
1,2,IFHY,03:33
1,2,PIGS,05:13
1,2,PARKING LOT,03:29
1,2,RUSTY,04:19
1,2,TRASHWANG,04:24
1,2,TREEHOME95,05:51
1,2,TAMALE,04:03
1,2,LONE,05:30
1,3,DEATHCAMP,04:16
1,3,BUFFALO,06:38
1,3,PILOT,05:47
1,3,RUN,05:33
1,3,FIND YOUR WINGS,04:36
1,3,CHERRY BOMB,07:50
1,3,BLOW MY LOAD,06:10
1,3,2SEATER,05:41
1,3,THE BROWN STAINS OF DARKEESE LATIFAH PART 6-12 (REMIX),05:14
1,3,FLIPPING YOUNG / PERFECT,07:40
1,3,SMUCKERS,07:51
1,3,KEEP DA O'S,05:01
1,3,OKAGA  CA,03:26
1,4,FOREWORD,06:51
1,4,WHERE THIS FLOWER BLOOMS,07:40
1,4,SEE YOU AGAIN,05:51
1,4,WHO DAT BOY,04:27
1,4,POCKETFUL OF SUNSHINE,04:29
1,4,BOREDOM,04:42
1,4,I AIN'T GOT TIME!,07:01
1,4,911 / MR. LONELY,06:19
1,4,DROPPIN' SEEDS,05:54
1,4,NOVEMBER,05:53
1,4,GLITTER,05:54
1,4,ENJOY RIGHT NOW  TODAY,05:29
1,5,IGOR'S THEME,04:39
1,5,EARFQUAKE,06:38
1,5,I THINK,04:49
1,5,EXACTLY WHAT YOU RUN FROM YOU END UP CHASING,04:49
1,5,RUNNING OUT OF TIME,06:45
1,5,NEW MAGIC WAND,04:12
1,5,A BOY IS A GUN*,07:05
1,5,PUPPET,03:07
1,5,WHAT'S GOOD,05:49
1,5,GONE  GONE / THANK YOU,06:13
1,5,I DON'T LOVE YOU ANYMORE,07:43
1,5,ARE WE STILL FRIENDS?,03:43
1,6,SIR BAUDELAIRE,06:02
1,6,CORSO,05:24
1,6,LEMONHEAD,05:00
1,6,WUSYANAME,04:41
1,6,LUMBERJACK,05:26
1,6,HOT WIND BLOWS,05:33
1,6,MASSA,05:11
1,6,RUNITUP,04:34
1,6,MANIFESTO,04:06
1,6,SWEET / I THOUGHT YOU WANTED TO DANCE,05:06
1,6,MOMMA TALK,06:12
2,1,Never Gonna Give You Up,06:02
2,1,Whenever You Need Somebody,05:24
2,1,Together Forever,05:00
2,1,It Would Take a Strong Strong Man,04:41
2,1,The Love Has Gone,05:26
2,1,Don't Say Goodbye,05:33
2,1,Slipping Away,05:11
2,1,No More Looking for Love,04:34
2,1,You Move Me,04:06
2,1,When I Fall in Love,05:06
2,2,She Wants to Dance with Me,04:20
2,2,Take Me to Your Heart,05:25
2,2,I Don't Want to Be Your Lover,05:50
2,2,Don't Say Goodbye,04:46
2,2,Ain't too proud To Beg Put Your,05:18
2,2,Till then Time Stands still,06:49
2,2,Dial My number,05:31
2,2,I'll never let you down,05:40
2,2,Hold me in your arms,05:15
2,3,In the Name of Love,05:28
2,3,Cry for Help,06:00
2,3,Move Right Out,05:58
2,3,Be with You,04:42
2,3,Really Got a Problem,04:53
2,3,Is This Really Love?,03:32
2,3,This Must Be Heaven,05:21
2,3,Never Knew Love,05:53
2,3,The Bottom Line,05:47
2,3,Wonderful You,05:20
2,3,Behind the Smile,04:04
2,4,The Ones You Love,06:14
2,4,Waiting for the Bell to Ring,05:36
2,4,Hopelessly,05:30
2,4,A Dream for us,04:44
2,4,Enough Love,05:23
2,4,Natures Gift,06:44
2,4,Remember the Days,06:12
2,4,Everytime,07:10
2,4,When You Love Someone,06:39
2,5,Sleeping,05:52
2,5,Wanna Believe You,04:12
2,5,What You See Is What You Don't Get,05:00
2,5,Breathe,06:57
2,5,One Night Stand,04:42
2,5,Romeo Loves Juliet,05:46
2,5,Let's Go Out Tonigh,04:38
2,5,Full Of You,06:41
2,5,Leep It Turned O,07:58
2,5,Miracle,04:55
2,5,Don't Ask,04:06
2,6,And I Love You So,05:56
2,6,Portrait Of My Love,05:09
2,6,Where Do I Begin,05:36
2,6,These Foolish Things,06:11
2,6,Vincent,06:48
2,6,And I Love You So,05:20
2,6,These Foolish Things,05:17
2,6,Cry Me a River,06:34
2,6,Nature Boy,05:44
2,6,Close To You,04:11
2,6,You Belong to me,06:08
2,6,Make It Easy on Yourself,06:17
2,6,Somewhere,06:23
2,6,Can't Help Falling in Love,05:31
2,6,What the World Needs Now,05:41
2,7,Keep Singing,05:04
2,7,Angels On My Side,05:31
2,7,Wish Away,07:22
2,7,This Old House,05:31
2,7,Pieces,05:13
2,7,Dance,05:26
2,7,I Like The Sun,05:32
2,7,Somebody Loves Me,04:21
2,7,Let It Rain,04:40
2,7,Pray With Me,05:26
2,7,Coming Home Tonight,04:52
2,7,Let It Be Tonight,05:07
2,8,Beautiful Life,05:19
2,8,Chance to Dance,07:20
2,8,She Makes Me,06:53
2,8,Shivers,06:04
2,8,Last Night on Earth,04:03
2,8,Every Corner,03:12
2,8,I Need the Light,05:55
2,8,Better Together,05:40
2,8,Empty Heart,06:50
2,8,Rise Up,04:07
2,8,Try,06:57
2,8,The Good Old Days,05:14
3,1,Sittin' Here,06:58
3,1,Stop Dat,03:23
3,1,I Luv U,05:01
3,1,Brand New Day,04:16
3,1,2 Far,05:47
3,1,Fix Up  Look Sharp,04:18
3,1,Cut 'Em Off,06:04
3,1,Hold Ya Mouf,05:46
3,1,Round We Go,06:08
3,1,Jus' a Rascal,05:32
3,1,Wot U On,05:44
3,1,Jezebel,07:23
3,1,Seems 2 Be,07:46
3,1,Live O,06:15
3,2,Showtime,04:37
3,2,Stand Up Tall,05:43
3,2,Everywhere,05:34
3,2,Graftin',04:31
3,2,Learn,05:11
3,2,Hype Talk,04:13
3,2,Face,06:15
3,2,Respect Me,05:31
3,2,Get By,04:28
3,2,Knock  Knock,04:23
3,2,Dream,03:56
3,3,World Outside,04:22
3,3,Pussi'ole (Old Skool),04:49
3,3,Sirens,05:06
3,3,Where's Da G's,06:25
3,3,Paranoid,07:28
3,3,Suk My Duck,05:34
3,3,Flex,05:25
3,3,Da Feelin',06:03
3,3,Bubbles,06:56
3,3,Excuse Me Please,04:48
3,3,Hard Back (Industry),07:14
3,3,Temptation,05:39
3,3,Wanna Be,05:05
3,3,U Can't Tell Me Nuffin',04:00
3,4,Bonkers (feat. Armand Van Helden),05:07
3,4,Road Rage,04:06
3,4,Dance Wiv Me (feat. Calvin Harris),06:37
3,4,Freaky Freaky,06:43
3,4,Can't Tek No More,05:55
3,4,Chillin' Wiv Da Man Dem,04:20
3,4,Dirtee Cash,07:37
3,4,Money Money,05:33
3,4,Leisure,04:23
3,4,Holiday,04:56
3,4,Bad Behaviour,06:52
3,5,Superman,07:18
3,5,I Don't Need A Reason,05:52
3,5,We Don't Play Around (feat. Jessie J),06:30
3,5,Good (feat. Angel),05:23
3,5,Spend Some Money (feat. Tinie Tempah),07:51
3,5,Arse Like That (feat. Sean Kingston),03:26
3,5,Something Really Bad (feat. will.i.am),03:49
3,5,Goin' Crazy (feat. Robbie Williams),05:33
3,5,Love This Town (feat. Teddy Sky),07:09
3,5,H-Town (feat. Bun B & Trae Tha Truth),06:37
3,5,Heart of a Warrior (feat. Teddy Sky),04:57
3,5,Life Keeps Moving On,05:39
3,5,Bassline Junkie (Bonus Track),05:42
3,6,Focus,04:25
3,6,Wot U Gonna Do?,04:35
3,6,Space,06:20
3,6,I Ain't Even Gonna Lie,07:19
3,6,The Other Side,04:25
3,6,Make It Last,07:47
3,6,Ghost,06:25
3,6,Bop N Keep It Dippin',06:53
3,6,She Knows What She Wants,05:28
3,7,God Knows (feat. P Money),06:05
3,7,That's Too Much,05:39
3,7,L.L.L.L. (Love Life Live Large) (feat. Chip),06:12
3,7,Body Loose,06:50
3,7,You Don't Know,05:57
3,7,Energies + Powers,05:10
3,7,Eastside (feat. D Double E & Ghetts),05:09
3,7,Act Like You Know,05:29
4,1,Allegro ma non troppo  un poco maestoso,06:39
4,1,Scherzo: Molto vivace - Presto,05:07
4,1,Adagio molto e cantabile - Andante moderato,06:49
4,1,Finale: Presto - Allegro assai,06:49
4,1,Recitativo - Allegro assai vivace,06:29
4,1,Alla marcia - Andante maestoso,05:23
4,1,Allegro energico - Allegro ma non tanto - Prestissimo,04:00
4,2,Op. 7 in E-flat major,05:11
4,2,Op. 13  Pathétique in C minor,06:01
4,2,Op. 27  No. 2 in C-sharp minor  Moonlight,06:58
4,2,Op. 28 in D major  Pastoral,05:20
4,2,Op. 31  No. 2 in D minor  Tempest,03:56
4,2,Op. 53 in C major  Waldstein,05:54
4,2,Op. 57 in F minor  Appassionata,03:57
4,2,Op. 81a in E-flat major  Les Adieux,05:49
4,2,Op. 106 in B-flat major  Hammerklavier,04:01
4,3,Op. 15 in C major,06:07
4,3,Op. 19 in B-flat major,05:06
4,3,Op. 37 in C minor,05:53
4,3,Op. 58 in G major,04:17
4,3,Op. 73 in E-flat major  Emperor,05:27
4,4,Act I: Overture,04:57
4,4,Act I: No  che non sei capace (Prisoners' Chorus),04:29
4,4,"Act I: Hauptmann! besteigen Sie mit dem Verurteilten den Wagen
              (Rocco  Pizarro)",04:44
4,4,Act I: Jetzt  Schätzchen  jetzt sind wir allein (Pizarro  Rocco),06:03
4,4,Act I: Mir ist so wunderbar (Marzelline  Leonore  Jaquino  Rocco),05:59
4,4,Act I: Hat man nicht auch Gold beineben (Jaquino  Marzelline),05:28
4,4,Act I: Gut  Söhnchen  gut (Rocco  Leonore  Marzelline  Jaquino),05:13
4,4,"Act I: Ha! Welch ein Augenblick! (Don Fernando  Rocco  Leonore 
              Marzelline  Jaquino)",06:26
4,4,Act II: O welche Lust (Chorus),07:34
4,4,Act II: Gott! Welch Dunkel hier! (Florestan),03:29
4,4,Act II: In des Lebens Frühlingstagen (Florestan),04:53
4,4,"Act II: Wie kalt ist es in diesem unterirdischen Gewölbe!
              (Leonore)",06:33
4,4,Act II: Nur hurtig fort  nur frisch gegraben (Rocco),07:59
4,4,"Act II: Euch werde Lohn in bessern Welten (Leonore  Pizarro 
              Rocco  Don Fernando)",05:14
4,4,Act II: Heil sei dem Tag  an welchem uns der Herr erlöst (Chorus),04:57
4,5,Op. 18  No. 1 in F major,04:34
4,5,Op. 18  No. 2 in G major,03:47
4,5,Op. 18  No. 3 in D major,05:55
4,5,Op. 18  No. 4 in C minor,07:12
4,5,Op. 18  No. 5 in A major,05:01
4,5,Op. 18  No. 6 in B-flat majo,04:39
4,5,Op. 59  No. 1 in F major  Razumovsky,04:47
4,5,Op. 59  No. 2 in E minor  Razumovsky,05:37
4,5,Op. 59  No. 3 in C major  Razumovsky,07:38
4,5,Op. 74 in E-flat major  Harp,03:09
4,5,Op. 95 in F minor  Serioso,05:19
4,5,Op. 127 in E-flat major,05:03
4,5,Op. 130 in B-flat major,04:34
5,1,Bring me To Life,06:25
5,1,Crawling,03:45
5,1,Next Episode,05:17
5,1,Running in the 90s,05:43
5,1,All Star,07:45
5,2,Shooting Stars,05:23
5,2,Elevator,06:33
5,2,Baby I'm Yours,05:27
5,2,Ready or not,05:45
5,2,Big Enough,05:24
5,3,Curb your Enthusiasm meme,04:57
5,3,Astronomia,05:34
5,3,Another Epic Sax Guy,06:29
5,3,What is Love,06:32
5,3,Giorno's Theme,05:06
5,4,Megalovania,06:58
5,4,Crav Rave,05:30
5,4,PPAP,07:30
5,4,Unlimited,04:03
5,4,Run,07:11
5,5,Neural NIGHTMARE,07:02
5,5,Digital Demons,05:14
5,5,Machine Learning Madness,05:23
5,5,Synthetic Scream,04:08
5,5,Robotic Romance (Savages),04:05
6,1,Every Hour,07:02
6,1,Selah,05:14
6,1,Follow God,05:23
6,1,Closed on Sunday,04:08
6,1,On God,04:05
6,1,Everything We Need,06:57
6,1,Water,06:22
6,1,God Is,05:28
6,1,Hands On,06:03
6,1,Use This Gospel,05:27
6,1,Jesus Is Lord,06:12
7,1,Sneed's Feed & Sneed,3:32
8,1,Birds n Bars,06:59
8,1,Bring Them All / Holy Grime (featuring Devlin),06:07
8,1,Name Brand (featuring JME  Frisco & J2K),06:49
8,1,Speakerbox,04:39
8,1,Back with a Banger,05:09
8,1,Joe Bloggs (featuring Newham Generals & President T),04:52
8,1,Pattern Up Properly (featuring Flowdan & Jamakabi),06:44
8,1,Can't Go Wrong,03:50
8,1,Bang (featuring Ghetts),05:52
8,1,On This (featuring Chip  Ice Kid & Little D),06:19
8,1,Bait Face (featuring Scratchy),06:19
8,1,My Direction,03:42
8,1,Like It or Not (featuring Breeze),06:30
8,1,Lucid,05:21
8,1,Laptop (featuring Manga Saint Hilare),04:17
9,1,Oi,07:16
9,1,Knock a Man Down,06:25
9,1,Golf,05:33
9,1,Speeding,06:11
9,1,Bermondsey,06:22
9,1,Dash,05:19
9,1,Lifestyle,06:39
9,1,2 Phones,05:32
9,1,Duffle Bag,05:42
9,1,Numbers,06:27
9,2,The Old Estate,06:58
